{"cameraMode":{"drawMode":0,"name":"Shaded","section":"Shading Mode"},"sceneLighting":false,"audioPlay":false,"sceneViewState":{"showFog":true,"showMaterialUpdate":false,"showSkybox":false,"showFlares":true,"showImageEffects":true,"showParticleSystems":true,"showVisualEffectGraphs":true,"m_FxEnabled":true},"in2DMode":false,"pivot":{"x":-3.022507667541504,"y":0.8999996185302734,"z":8.880000114440918},"rotation":{"x":0.009732500649988652,"y":0.9650214910507202,"z":-0.25962167978286745,"w":0.036192093044519427},"size":4.521779537200928,"orthographic":false}