{"cameraMode":{"drawMode":0,"name":"Shaded","section":"Shading Mode"},"sceneLighting":false,"audioPlay":false,"sceneViewState":{"showFog":true,"showMaterialUpdate":false,"showSkybox":false,"showFlares":true,"showImageEffects":true,"showParticleSystems":true,"showVisualEffectGraphs":true,"m_FxEnabled":true},"in2DMode":false,"pivot":{"x":0.11873698234558106,"y":1.4937434196472169,"z":0.24413537979125977},"rotation":{"x":-0.01007691491395235,"y":-0.9899411797523499,"z":0.10433685779571533,"w":-0.09560716152191162},"size":1.8997588157653809,"orthographic":false}